{"title": "Population by continent (2016 estimates)", "columns": [" Continent", " Density(inhabitants/km2)", " Population(millions)", " Most populous country", " Most populous city (metropolitan area)"], "asia": [{"asia_wiki": "/wiki/Asia"}, {"asia_density": 96.4}, {"asia_population": "4,436"}, {"asia_most_populous_country": "1,382,300,000 \u00a0China"}, {"asia_most_populous_city": "35,676,000/13,634,685 -  Greater Tokyo Area/Tokyo Metropolis"}], "africa": [{"africa_wiki": "/wiki/Africa"}, {"africa_density": 36.7}, {"africa_population": "1,216"}, {"africa_most_populous_country": "0186,987,000 - \u00a0Nigeria"}, {"africa_most_populous_city": "21,000,000 -  Lagos"}], "europe": [{"europe_wiki": "/wiki/Europe"}, {"europe_density": 72.9}, {"europe_population": "738"}, {"europe_most_populous_country": "0145,939,000 - \u00a0Russia"}, {"europe_most_populous_city": "16,855,000/12,506,468 -  Moscow metropolitan area/Moscow[17]"}], "north_america": [{"north_america_wiki": "/wiki/North_America"}, {"north_america_density": 22.9}, {"north_america_population": "579"}, {"north_america_most_populous_country": "0324,991,600 - \u00a0United States"}, {"north_america_most_populous_city": "23,723,696/8,537,673 -  New York Metropolitan Area/New York City"}], "south_america": [{"south_america_wiki": "/wiki/South_America"}, {"south_america_density": 22.8}, {"south_america_population": "422"}, {"south_america_most_populous_country": "0209,567,000 - \u00a0Brazil"}, {"south_america_most_populous_city": "27,640,577/11,316,149 -  Metro Area/S\u00e3o Paulo City"}], "Oceania": [{"Oceania_wiki": "/wiki/Oceania"}, {"Oceania_density": 4.5}, {"Oceania_population": "39.9"}, {"Oceania_most_populous_country": "0024,458,800 - \u00a0Australia"}, {"Oceania_most_populous_city": "5,005,400 -  Sydney"}], "antartica": [{"antartica_wiki": "/wiki/Antarctica"}, {"antartica_density": 0.0003}, {"antartica_population": "0.004"}, {"antartica_most_populous_country": "N/A"}, {"antartica_most_populous_city": "1,200 (non-permanent, varies) - McMurdo Station"}]}